{"cameraMode":{"drawMode":0,"name":"Shaded","section":"Shading Mode"},"sceneLighting":false,"audioPlay":false,"sceneViewState":{"showFog":true,"showMaterialUpdate":false,"showSkybox":true,"showFlares":true,"showImageEffects":true,"showParticleSystems":true},"in2DMode":false,"pivot":{"x":26.346521377563478,"y":-1.168851375579834,"z":-9.593269348144532},"rotation":{"x":0.07197906821966171,"y":0.7639049887657166,"z":-0.08656251430511475,"w":0.635540246963501},"size":13.679631233215332,"orthographic":false}